-- phpMyAdmin SQL Dump
-- version 5.2.0
-- https://www.phpmyadmin.net/
--
-- Host: localhost
-- Generation Time: Mar 29, 2023 at 08:12 PM
-- Server version: 10.4.27-MariaDB
-- PHP Version: 8.1.12

SET SQL_MODE = "NO_AUTO_VALUE_ON_ZERO";
START TRANSACTION;
SET time_zone = "+00:00";


/*!40101 SET @OLD_CHARACTER_SET_CLIENT=@@CHARACTER_SET_CLIENT */;
/*!40101 SET @OLD_CHARACTER_SET_RESULTS=@@CHARACTER_SET_RESULTS */;
/*!40101 SET @OLD_COLLATION_CONNECTION=@@COLLATION_CONNECTION */;
/*!40101 SET NAMES utf8mb4 */;

--
-- Database: `gardenmart`
--

-- --------------------------------------------------------

--
-- Table structure for table `admin`
--

CREATE TABLE `admin` (
  `admin_id` int(11) NOT NULL,
  `admin_name` varchar(100) NOT NULL,
  `admin_email` varchar(50) NOT NULL,
  `admin_pass` varchar(150) NOT NULL,
  `admin_role` int(11) NOT NULL
) ENGINE=InnoDB DEFAULT CHARSET=latin1 COLLATE=latin1_swedish_ci;

--
-- Dumping data for table `admin`
--

INSERT INTO `admin` (`admin_id`, `admin_name`, `admin_email`, `admin_pass`, `admin_role`) VALUES
(1, 'Nii Adom', 'nii@yahoo.com', 'ivYhillpark12@', 1),
(2, 'Jackie', 'jackie@yahoo.com', 'ivYhillpark12@', 1),
(3, 'Daniel', 'daniel@yahoo.com', 'ivYhillpark12', 1),
(4, 'Eric', 'ericc@yahoo.com', 'a', 1);

-- --------------------------------------------------------

--
-- Table structure for table `brands`
--

CREATE TABLE `brands` (
  `brand_id` int(11) NOT NULL,
  `brand_name` varchar(100) NOT NULL
) ENGINE=InnoDB DEFAULT CHARSET=latin1 COLLATE=latin1_swedish_ci;

--
-- Dumping data for table `brands`
--

INSERT INTO `brands` (`brand_id`, `brand_name`) VALUES
(1, 'Onga'),
(2, 'Onga'),
(3, 'Fan Ice');

-- --------------------------------------------------------

--
-- Table structure for table `cart`
--

CREATE TABLE `cart` (
  `p_id` int(11) NOT NULL,
  `ip_add` varchar(50) NOT NULL,
  `c_id` int(11) DEFAULT NULL,
  `qty` int(11) NOT NULL
) ENGINE=InnoDB DEFAULT CHARSET=latin1 COLLATE=latin1_swedish_ci;

--
-- Dumping data for table `cart`
--

INSERT INTO `cart` (`p_id`, `ip_add`, `c_id`, `qty`) VALUES
(3, '::1', 1, 1),
(1, '::1', 1, 2);

-- --------------------------------------------------------

--
-- Table structure for table `categories`
--

CREATE TABLE `categories` (
  `cat_id` int(11) NOT NULL,
  `cat_name` varchar(100) NOT NULL,
  `cat_image` int(11) NOT NULL
) ENGINE=InnoDB DEFAULT CHARSET=latin1 COLLATE=latin1_swedish_ci;

--
-- Dumping data for table `categories`
--

INSERT INTO `categories` (`cat_id`, `cat_name`, `cat_image`) VALUES
(1, 'Creams', 0),
(2, 'Vegetables', 0),
(3, 'Meat', 0);

-- --------------------------------------------------------

--
-- Table structure for table `catImage`
--

CREATE TABLE `catImage` (
  `pic_id` int(11) NOT NULL,
  `pic_name` varchar(100) NOT NULL,
  `pic_image` varchar(100) CHARACTER SET latin1 COLLATE latin1_swedish_ci DEFAULT NULL
) ENGINE=InnoDB DEFAULT CHARSET=utf8mb4 COLLATE=utf8mb4_general_ci;

--
-- Dumping data for table `catImage`
--

INSERT INTO `catImage` (`pic_id`, `pic_name`, `pic_image`) VALUES
(1, 'biscuit', 'biscuit.svg'),
(2, 'breakfast', 'breakfast.svg'),
(3, 'cup', 'cup.svg'),
(4, 'drink', 'drink.svg'),
(5, 'frozen', 'frozen.svg'),
(6, 'grocery', 'grocery.svg'),
(7, 'meat', 'meats.svg'),
(8, 'milk', 'milk.svg'),
(9, 'pet', 'pet.svg'),
(10, 'vegetable', 'vegetable.svg');

-- --------------------------------------------------------

--
-- Table structure for table `customer`
--

CREATE TABLE `customer` (
  `customer_id` int(11) NOT NULL,
  `customer_name` varchar(100) NOT NULL,
  `customer_email` varchar(50) NOT NULL,
  `customer_pass` varchar(150) NOT NULL,
  `customer_city` varchar(30) NOT NULL,
  `customer_address` varchar(30) NOT NULL,
  `customer_no` varchar(15) NOT NULL,
  `user_role` int(11) NOT NULL
) ENGINE=InnoDB DEFAULT CHARSET=latin1 COLLATE=latin1_swedish_ci;

--
-- Dumping data for table `customer`
--

INSERT INTO `customer` (`customer_id`, `customer_name`, `customer_email`, `customer_pass`, `customer_city`, `customer_address`, `customer_no`, `user_role`) VALUES
(1, 'Mateen', 'mateen@yahoo.com', 'ivYhillpark12@', 'Accra', '7th Sakumo link', '0543534340', 2),
(2, 'David Sampah', 'david@gmail.com', 'asdfghjkl12', 'Accra', '7th Sakumo link', '0543534340', 2),
(3, 'David Ebo', 'ebo@yahoo.com', 'ASDFGHJKL', 'Accra', '7th Sakumo link', '0543534340', 2);

-- --------------------------------------------------------

--
-- Table structure for table `delivery`
--

CREATE TABLE `delivery` (
  `delivery_id` int(11) NOT NULL,
  `order_id` int(11) NOT NULL,
  `delivery_address` varchar(100) NOT NULL,
  `delivery_status` varchar(100) NOT NULL,
  `delivery_date` date NOT NULL
) ENGINE=InnoDB DEFAULT CHARSET=utf8mb4 COLLATE=utf8mb4_general_ci;

-- --------------------------------------------------------

--
-- Table structure for table `orderdetails`
--

CREATE TABLE `orderdetails` (
  `order_id` int(11) NOT NULL,
  `product_id` int(11) NOT NULL,
  `qty` int(11) NOT NULL
) ENGINE=InnoDB DEFAULT CHARSET=latin1 COLLATE=latin1_swedish_ci;

-- --------------------------------------------------------

--
-- Table structure for table `orders`
--

CREATE TABLE `orders` (
  `order_id` int(11) NOT NULL,
  `customer_id` int(11) NOT NULL,
  `invoice_no` int(11) NOT NULL,
  `order_date` date NOT NULL,
  `order_status` varchar(100) NOT NULL
) ENGINE=InnoDB DEFAULT CHARSET=latin1 COLLATE=latin1_swedish_ci;

-- --------------------------------------------------------

--
-- Table structure for table `payment`
--

CREATE TABLE `payment` (
  `pay_id` int(11) NOT NULL,
  `amt` double NOT NULL,
  `customer_id` int(11) NOT NULL,
  `order_id` int(11) NOT NULL,
  `currency` text NOT NULL,
  `payment_date` date NOT NULL
) ENGINE=InnoDB DEFAULT CHARSET=latin1 COLLATE=latin1_swedish_ci;

-- --------------------------------------------------------

--
-- Table structure for table `products`
--

CREATE TABLE `products` (
  `product_id` int(11) NOT NULL,
  `product_cat` int(11) NOT NULL,
  `product_brand` int(11) NOT NULL,
  `product_title` varchar(200) NOT NULL,
  `product_price` double NOT NULL,
  `product_qty` int(100) NOT NULL,
  `product_desc` varchar(500) DEFAULT NULL,
  `product_image` varchar(100) DEFAULT NULL,
  `product_keywords` varchar(100) DEFAULT NULL
) ENGINE=InnoDB DEFAULT CHARSET=latin1 COLLATE=latin1_swedish_ci;

--
-- Dumping data for table `products`
--

INSERT INTO `products` (`product_id`, `product_cat`, `product_brand`, `product_title`, `product_price`, `product_qty`, `product_desc`, `product_image`, `product_keywords`) VALUES
(1, 1, 3, 'Fan Ice Vanilla', 0.1, 10, 'Fan Ice vanilla icecream', '2.png', 'ice cream'),
(2, 2, 3, 'New Balance Shoe', 0.1, 5, 'Nice Shoes', '8.png', 'sneakers'),
(3, 2, 2, 'Lenovo', 0.1, 42, 'Expensive Laptop', '13.png', 'school'),
(4, 2, 3, 'Gym Shoes', 0.1, 42, 'Shirt', '14.png', 'school'),
(5, 2, 2, 'Puma Low', 0.1, 100, 'Nice Shoes', '7.png', 'Shoe'),
(6, 2, 2, 'Puma Low', 0.1, 100, 'Shirt', '10.png', 'sneakers'),
(7, 3, 2, 'Fresh meat', 0.1, 5, 'Good meat', '2.png', 'meat');

--
-- Indexes for dumped tables
--

--
-- Indexes for table `admin`
--
ALTER TABLE `admin`
  ADD PRIMARY KEY (`admin_id`),
  ADD UNIQUE KEY `customer_email` (`admin_email`);

--
-- Indexes for table `brands`
--
ALTER TABLE `brands`
  ADD PRIMARY KEY (`brand_id`);

--
-- Indexes for table `cart`
--
ALTER TABLE `cart`
  ADD KEY `p_id` (`p_id`),
  ADD KEY `c_id` (`c_id`);

--
-- Indexes for table `categories`
--
ALTER TABLE `categories`
  ADD PRIMARY KEY (`cat_id`),
  ADD KEY `cat_image` (`cat_image`);

--
-- Indexes for table `catImage`
--
ALTER TABLE `catImage`
  ADD PRIMARY KEY (`pic_id`);

--
-- Indexes for table `customer`
--
ALTER TABLE `customer`
  ADD PRIMARY KEY (`customer_id`),
  ADD UNIQUE KEY `customer_email` (`customer_email`);

--
-- Indexes for table `delivery`
--
ALTER TABLE `delivery`
  ADD PRIMARY KEY (`delivery_id`),
  ADD KEY `order_id` (`order_id`);

--
-- Indexes for table `orderdetails`
--
ALTER TABLE `orderdetails`
  ADD KEY `order_id` (`order_id`),
  ADD KEY `product_id` (`product_id`);

--
-- Indexes for table `orders`
--
ALTER TABLE `orders`
  ADD PRIMARY KEY (`order_id`),
  ADD KEY `customer_id` (`customer_id`);

--
-- Indexes for table `payment`
--
ALTER TABLE `payment`
  ADD PRIMARY KEY (`pay_id`),
  ADD KEY `customer_id` (`customer_id`),
  ADD KEY `order_id` (`order_id`);

--
-- Indexes for table `products`
--
ALTER TABLE `products`
  ADD PRIMARY KEY (`product_id`),
  ADD KEY `product_cat` (`product_cat`),
  ADD KEY `product_brand` (`product_brand`);

--
-- AUTO_INCREMENT for dumped tables
--

--
-- AUTO_INCREMENT for table `admin`
--
ALTER TABLE `admin`
  MODIFY `admin_id` int(11) NOT NULL AUTO_INCREMENT, AUTO_INCREMENT=5;

--
-- AUTO_INCREMENT for table `brands`
--
ALTER TABLE `brands`
  MODIFY `brand_id` int(11) NOT NULL AUTO_INCREMENT, AUTO_INCREMENT=4;

--
-- AUTO_INCREMENT for table `categories`
--
ALTER TABLE `categories`
  MODIFY `cat_id` int(11) NOT NULL AUTO_INCREMENT, AUTO_INCREMENT=4;

--
-- AUTO_INCREMENT for table `catImage`
--
ALTER TABLE `catImage`
  MODIFY `pic_id` int(11) NOT NULL AUTO_INCREMENT, AUTO_INCREMENT=11;

--
-- AUTO_INCREMENT for table `customer`
--
ALTER TABLE `customer`
  MODIFY `customer_id` int(11) NOT NULL AUTO_INCREMENT, AUTO_INCREMENT=4;

--
-- AUTO_INCREMENT for table `orders`
--
ALTER TABLE `orders`
  MODIFY `order_id` int(11) NOT NULL AUTO_INCREMENT;

--
-- AUTO_INCREMENT for table `payment`
--
ALTER TABLE `payment`
  MODIFY `pay_id` int(11) NOT NULL AUTO_INCREMENT;

--
-- AUTO_INCREMENT for table `products`
--
ALTER TABLE `products`
  MODIFY `product_id` int(11) NOT NULL AUTO_INCREMENT, AUTO_INCREMENT=8;

--
-- Constraints for dumped tables
--

--
-- Constraints for table `cart`
--
ALTER TABLE `cart`
  ADD CONSTRAINT `cart_ibfk_1` FOREIGN KEY (`p_id`) REFERENCES `products` (`product_id`) ON DELETE CASCADE ON UPDATE CASCADE,
  ADD CONSTRAINT `cart_ibfk_2` FOREIGN KEY (`c_id`) REFERENCES `customer` (`customer_id`) ON DELETE CASCADE ON UPDATE CASCADE;

--
-- Constraints for table `orderdetails`
--
ALTER TABLE `orderdetails`
  ADD CONSTRAINT `orderdetails_ibfk_1` FOREIGN KEY (`order_id`) REFERENCES `orders` (`order_id`),
  ADD CONSTRAINT `orderdetails_ibfk_2` FOREIGN KEY (`product_id`) REFERENCES `products` (`product_id`);

--
-- Constraints for table `orders`
--
ALTER TABLE `orders`
  ADD CONSTRAINT `orders_ibfk_1` FOREIGN KEY (`customer_id`) REFERENCES `customer` (`customer_id`);

--
-- Constraints for table `payment`
--
ALTER TABLE `payment`
  ADD CONSTRAINT `payment_ibfk_1` FOREIGN KEY (`customer_id`) REFERENCES `customer` (`customer_id`),
  ADD CONSTRAINT `payment_ibfk_2` FOREIGN KEY (`order_id`) REFERENCES `orders` (`order_id`);

--
-- Constraints for table `products`
--
ALTER TABLE `products`
  ADD CONSTRAINT `products_ibfk_1` FOREIGN KEY (`product_cat`) REFERENCES `categories` (`cat_id`),
  ADD CONSTRAINT `products_ibfk_2` FOREIGN KEY (`product_brand`) REFERENCES `brands` (`brand_id`);
COMMIT;

/*!40101 SET CHARACTER_SET_CLIENT=@OLD_CHARACTER_SET_CLIENT */;
/*!40101 SET CHARACTER_SET_RESULTS=@OLD_CHARACTER_SET_RESULTS */;
/*!40101 SET COLLATION_CONNECTION=@OLD_COLLATION_CONNECTION */;
